{
  "Reptiles" : {
    "transaction" : "Reptiles",
    "sampleCount" : 94,
    "errorCount" : 0,
    "errorPct" : 0.0,
    "meanResTime" : 1.3936170212765964,
    "medianResTime" : 1.0,
    "minResTime" : 0.0,
    "maxResTime" : 2.0,
    "pct1ResTime" : 2.0,
    "pct2ResTime" : 2.0,
    "pct3ResTime" : 2.0,
    "throughput" : 1.8552509522963665,
    "receivedKBytesPerSec" : 6.725284702074328,
    "sentKBytesPerSec" : 0.4565656640416839
  },
  "Main Catalog" : {
    "transaction" : "Main Catalog",
    "sampleCount" : 100,
    "errorCount" : 0,
    "errorPct" : 0.0,
    "meanResTime" : 1.2200000000000002,
    "medianResTime" : 1.0,
    "minResTime" : 1.0,
    "maxResTime" : 3.0,
    "pct1ResTime" : 2.0,
    "pct2ResTime" : 2.0,
    "pct3ResTime" : 2.989999999999995,
    "throughput" : 1.893186422066981,
    "receivedKBytesPerSec" : 9.363322885310767,
    "sentKBytesPerSec" : 0.37114958420893207
  },
  "Birds" : {
    "transaction" : "Birds",
    "sampleCount" : 90,
    "errorCount" : 0,
    "errorPct" : 0.0,
    "meanResTime" : 1.477777777777778,
    "medianResTime" : 1.0,
    "minResTime" : 1.0,
    "maxResTime" : 3.0,
    "pct1ResTime" : 2.0,
    "pct2ResTime" : 2.0,
    "pct3ResTime" : 3.0,
    "throughput" : 1.8425254882692546,
    "receivedKBytesPerSec" : 6.675556212381772,
    "sentKBytesPerSec" : 0.44803598298734804
  },
  "Login" : {
    "transaction" : "Login",
    "sampleCount" : 98,
    "errorCount" : 0,
    "errorPct" : 0.0,
    "meanResTime" : 2.642857142857143,
    "medianResTime" : 3.0,
    "minResTime" : 1.0,
    "maxResTime" : 6.0,
    "pct1ResTime" : 3.1000000000000085,
    "pct2ResTime" : 4.0,
    "pct3ResTime" : 6.0,
    "throughput" : 1.8745935192624048,
    "receivedKBytesPerSec" : 9.632920994490991,
    "sentKBytesPerSec" : 2.755139889150312
  },
  "Login-0" : {
    "transaction" : "Login-0",
    "sampleCount" : 98,
    "errorCount" : 0,
    "errorPct" : 0.0,
    "meanResTime" : 1.581632653061224,
    "medianResTime" : 2.0,
    "minResTime" : 0.0,
    "maxResTime" : 5.0,
    "pct1ResTime" : 2.0,
    "pct2ResTime" : 2.0,
    "pct3ResTime" : 5.0,
    "throughput" : 1.8746652383502946,
    "receivedKBytesPerSec" : 0.35333045996250667,
    "sentKBytesPerSec" : 1.6110404392072843
  },
  "Login-1" : {
    "transaction" : "Login-1",
    "sampleCount" : 98,
    "errorCount" : 0,
    "errorPct" : 0.0,
    "meanResTime" : 0.9795918367346936,
    "medianResTime" : 1.0,
    "minResTime" : 0.0,
    "maxResTime" : 3.0,
    "pct1ResTime" : 1.0,
    "pct2ResTime" : 2.0,
    "pct3ResTime" : 3.0,
    "throughput" : 1.874629378120397,
    "receivedKBytesPerSec" : 9.279781560246379,
    "sentKBytesPerSec" : 1.1441829700441877
  },
  "Home-0" : {
    "transaction" : "Home-0",
    "sampleCount" : 104,
    "errorCount" : 0,
    "errorPct" : 0.0,
    "meanResTime" : 0.5576923076923079,
    "medianResTime" : 1.0,
    "minResTime" : 0.0,
    "maxResTime" : 2.0,
    "pct1ResTime" : 1.0,
    "pct2ResTime" : 1.0,
    "pct3ResTime" : 2.0,
    "throughput" : 1.7595804077489214,
    "receivedKBytesPerSec" : 0.2508776753235767,
    "sentKBytesPerSec" : 0.30657503066576436
  },
  "Home-1" : {
    "transaction" : "Home-1",
    "sampleCount" : 104,
    "errorCount" : 0,
    "errorPct" : 0.0,
    "meanResTime" : 0.4519230769230769,
    "medianResTime" : 0.0,
    "minResTime" : 0.0,
    "maxResTime" : 2.0,
    "pct1ResTime" : 1.0,
    "pct2ResTime" : 1.0,
    "pct3ResTime" : 2.0,
    "throughput" : 1.7595804077489214,
    "receivedKBytesPerSec" : 2.3214776668640558,
    "sentKBytesPerSec" : 0.30829337090770664
  },
  "Total" : {
    "transaction" : "Total",
    "sampleCount" : 1333,
    "errorCount" : 0,
    "errorPct" : 0.0,
    "meanResTime" : 1.3398349587396838,
    "medianResTime" : 1.0,
    "minResTime" : 0.0,
    "maxResTime" : 6.0,
    "pct1ResTime" : 2.0,
    "pct2ResTime" : 3.0,
    "pct3ResTime" : 4.0,
    "throughput" : 22.49523263074405,
    "receivedKBytesPerSec" : 68.788781019542,
    "sentKBytesPerSec" : 11.49434019925916
  },
  "Dogs" : {
    "transaction" : "Dogs",
    "sampleCount" : 82,
    "errorCount" : 0,
    "errorPct" : 0.0,
    "meanResTime" : 1.5609756097560976,
    "medianResTime" : 1.0,
    "minResTime" : 1.0,
    "maxResTime" : 6.0,
    "pct1ResTime" : 2.0,
    "pct2ResTime" : 2.0,
    "pct3ResTime" : 6.0,
    "throughput" : 1.7928199746381563,
    "receivedKBytesPerSec" : 7.16077509401373,
    "sentKBytesPerSec" : 0.43419858760767854
  },
  "Sign In" : {
    "transaction" : "Sign In",
    "sampleCount" : 100,
    "errorCount" : 0,
    "errorPct" : 0.0,
    "meanResTime" : 1.5500000000000003,
    "medianResTime" : 1.0,
    "minResTime" : 1.0,
    "maxResTime" : 5.0,
    "pct1ResTime" : 2.0,
    "pct2ResTime" : 2.9499999999999886,
    "pct3ResTime" : 4.97999999999999,
    "throughput" : 1.8914318138831097,
    "receivedKBytesPerSec" : 7.24599400652544,
    "sentKBytesPerSec" : 1.0066702525061473
  },
  "Sign Out" : {
    "transaction" : "Sign Out",
    "sampleCount" : 87,
    "errorCount" : 0,
    "errorPct" : 0.0,
    "meanResTime" : 2.275862068965517,
    "medianResTime" : 2.0,
    "minResTime" : 1.0,
    "maxResTime" : 5.0,
    "pct1ResTime" : 3.0,
    "pct2ResTime" : 3.0,
    "pct3ResTime" : 5.0,
    "throughput" : 1.8143143143143143,
    "receivedKBytesPerSec" : 9.31076340011887,
    "sentKBytesPerSec" : 1.9046756717655156
  },
  "Sign Out-0" : {
    "transaction" : "Sign Out-0",
    "sampleCount" : 87,
    "errorCount" : 0,
    "errorPct" : 0.0,
    "meanResTime" : 1.2298850574712643,
    "medianResTime" : 1.0,
    "minResTime" : 0.0,
    "maxResTime" : 3.0,
    "pct1ResTime" : 2.0,
    "pct2ResTime" : 2.0,
    "pct3ResTime" : 3.0,
    "throughput" : 1.8143899895724713,
    "receivedKBytesPerSec" : 0.5900311196558915,
    "sentKBytesPerSec" : 0.9603509515119916
  },
  "Home" : {
    "transaction" : "Home",
    "sampleCount" : 104,
    "errorCount" : 0,
    "errorPct" : 0.0,
    "meanResTime" : 1.1153846153846156,
    "medianResTime" : 1.0,
    "minResTime" : 0.0,
    "maxResTime" : 3.0,
    "pct1ResTime" : 2.0,
    "pct2ResTime" : 2.0,
    "pct3ResTime" : 3.0,
    "throughput" : 1.7595506378371062,
    "receivedKBytesPerSec" : 2.5723118211349103,
    "sentKBytesPerSec" : 0.6148579987649307
  },
  "Sign Out-1" : {
    "transaction" : "Sign Out-1",
    "sampleCount" : 87,
    "errorCount" : 0,
    "errorPct" : 0.0,
    "meanResTime" : 0.9310344827586209,
    "medianResTime" : 1.0,
    "minResTime" : 0.0,
    "maxResTime" : 4.0,
    "pct1ResTime" : 1.0,
    "pct2ResTime" : 1.0,
    "pct3ResTime" : 4.0,
    "throughput" : 1.8143521511543033,
    "receivedKBytesPerSec" : 8.720938757794414,
    "sentKBytesPerSec" : 0.9443844693019958
  }
}